Year,total_score,total_penalty,average_score_per_game
1991,99,0,3.8076923076923075
1995,99,7,3.8076923076923075
1999,122,18,3.8125
2003,105,0,3.28125
2007,111,0,3.46875
2011,86,19,2.6875
2015,146,9,2.8076923076923075
2019,146,5,2.8076923076923075
2023,164,28,2.5625
